id;guest_full_name;initial_date;res_status;ship;port_from;jhi_from;port_to;jhi_to
1;Cheese navigate;2021-11-03T15:48:04;TM;Ball Saint-Séverin Directeur;b input;2021-11-03T23:51:00;a b redundant;2021-11-03T20:31:33
2;Automated;2021-11-04T00:29:08;BK;Dominique Pa'anga c;green;2021-11-04T02:23:03;Brunei Outdoors Computer;2021-11-04T04:00:25
3;Account reboot matrix;2021-11-04T04:25:30;SH;navigating Cambridgeshire transmitting;Colombie;2021-11-04T05:16:48;orange Multi-lateral;2021-11-04T10:11:17
4;Outdoors Account program;2021-11-04T10:49:57;TM;Borders;Health port Fantastic;2021-11-04T03:28:39;Vision-oriented;2021-11-03T16:51:46
5;user-centric;2021-11-04T10:22:23;QT;Technicien Loan;convergence;2021-11-03T23:08:00;Account service-desk;2021-11-04T06:33:07
6;b array b;2021-11-04T05:47:29;WL;withdrawal payment compress;de virtual hack;2021-11-03T21:16:31;l'Odéon Account Assimilated;2021-11-04T00:17:38
7;calculating Borders XML;2021-11-04T05:48:57;WL;CSS transmitting c;distributed silver;2021-11-03T15:33:24;Account de Account;2021-11-03T17:39:10
8;interactive Poitou-Charentes;2021-11-04T07:17:56;TM;groupware;Health customer Concrete;2021-11-03T20:48:31;hard transition;2021-11-03T21:42:36
9;Account invoice;2021-11-04T00:47:14;CX;Brésil Poitou-Charentes capacity;transform;2021-11-03T18:17:54;Languedoc-Roussillon b asymmetric;2021-11-04T00:37:55
10;GB;2021-11-03T18:21:37;CL;Unit a;cross-platform complexity;2021-11-03T21:17:28;Fresh feed;2021-11-04T03:06:06
